Original Link,Page Count,Name,Found Link,Date,Time,Start Time,Link View Listing
https://www.classic.com/m/porsche/911/964/carrera-2/coupe-automatic?page=1,1,1990 Porsche 911 Carrera 2 Coupe,https://www.classic.com/veh/1990-porsche-911-carrera-2-coupe-wp0ab2967ls451694-Wk1QdR4/,2024-04-24,22:57:34,2024-04-24 22:57:58,https://bringatrailer.com/listing/1990-porsche-911-carrera-2-coupe-41/
https://www.classic.com/m/porsche/911/964/carrera-2/coupe-automatic?page=1,1,1990 Porsche 911 Carrera 2 Coupe,https://www.classic.com/veh/1990-porsche-911-carrera-2-coupe-wp0ab2964ls451930-47j1mlp/,2024-04-24,22:57:34,2024-04-24 22:58:07,https://bringatrailer.com/listing/1990-porsche-911-carrera-2-coupe-40/
https://www.classic.com/m/porsche/911/964/carrera-2/coupe-automatic?page=1,1,1991 Porsche 911 Carrera 2 Coupe,https://www.classic.com/veh/1991-porsche-911-carrera-2-coupe-wp0ab2967ms411200-n1kDxqp/,2024-04-24,22:57:34,2024-04-24 22:58:15,https://bringatrailer.com/listing/1991-porsche-911-carrera-2-coupe-19/
https://www.classic.com/m/porsche/911/964/carrera-2/coupe-automatic?page=1,1,1991 Porsche 911 Carrera 2 Coupe,https://www.classic.com/veh/1991-porsche-911-carrera-2-coupe-wp0ab2963ms410853-WYbgNRp/,2024-04-24,22:57:34,2024-04-24 22:58:24,https://www.mecum.com/lots/1109852/
https://www.classic.com/m/porsche/911/964/carrera-2/coupe-automatic?page=1,1,1993 Porsche 911 (964) Carrera 2,https://www.classic.com/veh/1993-porsche-911-964-carrera-2-wp0zzz96zns400333-WLBdae4/,2024-04-24,22:57:34,2024-04-24 22:58:32,https://collectingcars.com/for-sale/1993-porsche-911-964-carrera-2-5
https://www.classic.com/m/porsche/911/964/carrera-2/coupe-automatic?page=1,1,1991 Porsche 911 (964) Carrera 2,https://www.classic.com/veh/1991-porsche-911-964-carrera-2-wp0zzz96zms400561-4aKmAXW/,2024-04-24,22:57:34,2024-04-24 22:58:50,https://collectingcars.com/for-sale/1991-porsche-911-964-carrera-2-8
https://www.classic.com/m/porsche/911/964/carrera-2/coupe-automatic?page=1,1,1991 Porsche 911 (964) Carrera 2,https://www.classic.com/veh/1991-porsche-911-964-carrera-2-wp0zzz96zms400561-4aKmAXW/,2024-04-24,22:57:34,2024-04-24 22:58:50,https://collectingcars.com/for-sale/1991-porsche-911-964-carrera-2-8
https://www.classic.com/m/porsche/911/964/carrera-2/coupe-automatic?page=1,1,1991 Porsche 911 (964) Carrera 2,https://www.classic.com/veh/1991-porsche-911-964-carrera-2-wp0zzz96zms404216-p0PVJ3p/,2024-04-24,22:57:34,2024-04-24 22:58:58,https://collectingcars.com/for-sale/1991-porsche-911-964-carrera-2-3
https://www.classic.com/m/porsche/911/964/carrera-2/coupe-automatic?page=1,1,1990 Porsche 911 (964) Carrera 2,https://www.classic.com/veh/1990-porsche-911-964-carrera-2-wp0zzz96zls407785-WYKZRl4/,2024-04-24,22:57:34,2024-04-24 22:59:07,https://collectingcars.com/for-sale/1990-porsche-911-964-carrera-2-7
https://www.classic.com/m/porsche/911/964/carrera-2/coupe-automatic?page=1,1,1993 Porsche 911 (993) Carrera,https://www.classic.com/veh/1993-porsche-911-993-carrera-wp0zzz00zrs311663-p6kD974/,2024-04-24,22:57:34,2024-04-24 22:59:16,https://collectingcars.com/for-sale/1993-porsche-911-993-carrera
https://www.classic.com/m/porsche/911/964/carrera-2/coupe-automatic?page=1,1,1990 Porsche 911 Carrera 2 Coupe,https://www.classic.com/veh/1990-porsche-911-carrera-wp0ab2969ls451678-n2PzRBp/,2024-04-24,22:57:34,2024-04-24 22:59:24,https://bringatrailer.com/listing/1990-porsche-911-carrera-2-coupe-20/
https://www.classic.com/m/porsche/911/964/carrera-2/coupe-automatic?page=1,1,1991 Porsche 911 Carrera 2 Coupe,https://www.classic.com/veh/1991-porsche-911-carrera-2-coupe-wp0ab2962ms410228-pdMNxo4/,2024-04-24,22:57:34,2024-04-24 22:59:33,https://bringatrailer.com/listing/1991-porsche-911-carrera-2-coupe-5/
https://www.classic.com/m/porsche/911/964/carrera-2/coupe-automatic?page=1,1,1991 Porsche 911 (964) Carrera 2 Coupe,https://www.classic.com/veh/1991-porsche-911-964-carrera-2-coupe-wp0ab2966ms41-WRNOKrW/,2024-04-24,22:57:34,2024-04-24 22:59:41,https://themarket.bonhams.com/en/listings/porsche/911-964-carrera-2/0208b4ec-6717-4a1a-8c80-900ee16265ee
https://www.classic.com/m/porsche/911/964/carrera-2/coupe-automatic?page=1,1,1992 Porsche 964 Carrera 2,https://www.classic.com/veh/1992-porsche-964-carrera-2-wp0ab2963ns420428-pJv0wgp/,2024-04-24,22:57:34,2024-04-24 22:59:51,https://www.goodingco.com/lot/1992-porsche-964-carrera-2
https://www.classic.com/m/porsche/911/964/carrera-2/coupe-automatic?page=1,1,1992 Porsche 911 (964) Carrera 2,https://www.classic.com/veh/1992-porsche-911-964-carrera-2-wp0zzz96zns404057-4Dz05YW/,2024-04-24,22:57:34,2024-04-24 22:59:59,https://collectingcars.com/for-sale/1992-porsche-911-964-carrera-2-2
https://www.classic.com/m/porsche/911/964/carrera-2/coupe-automatic?page=1,1,1992 Porsche 911 (964) Carrera 2,https://www.classic.com/veh/1992-porsche-911-964-carrera-2-nOwB7wn/,2024-04-24,22:57:34,2024-04-24 23:00:08,https://collectingcars.com/for-sale/1992-porsche-911-964-carrera-2-2
https://www.classic.com/m/porsche/911/964/carrera-2/coupe-automatic?page=1,1,1991 Porsche 911 Carrera 2 Coupe,https://www.classic.com/veh/1991-porsche-911-carrera-2-coupe-wp0zzz96zms404520-n8wb9R4/,2024-04-24,22:57:34,2024-04-24 23:00:17,https://bringatrailer.com/listing/1991-porsche-911-carrera-2-coupe/
https://www.classic.com/m/porsche/911/964/carrera-2/coupe-automatic?page=1,1,1993 Porsche 911 (964) Carrera 2,https://www.classic.com/veh/1993-porsche-911-carrera-2-wp0zzz96zns403671-4VM0kyp/,2024-04-24,22:57:34,2024-04-24 23:00:34,https://silverstoneauctions.com/sa078b-lot-17633-1993-porsche-911-964-carrera-2
https://www.classic.com/m/porsche/911/964/carrera-2/coupe-automatic?page=1,1,1993 Porsche 911 Carrera 2,https://www.classic.com/veh/1993-porsche-911-carrera-2-wp0zzz96zns403671-4VM0kyp/,2024-04-24,22:57:34,2024-04-24 23:00:34,https://silverstoneauctions.com/sa078b-lot-17633-1993-porsche-911-964-carrera-2
https://www.classic.com/m/porsche/911/964/carrera-2/coupe-automatic?page=1,1,1992 Porsche 911 (964) Carrera 2,https://www.classic.com/veh/1992-porsche-911-964-carrera-2-wp0zzz96zns404589-nm9XQOn/,2024-04-24,22:57:34,2024-04-24 23:00:52,https://collectingcars.com/for-sale/1992-porsche-911-964-carrera-2-1
https://www.classic.com/m/porsche/911/964/carrera-2/coupe-automatic?page=1,1,1992 Porsche 911 (964) Carrera 2,https://www.classic.com/veh/1992-porsche-911-964-carrera-2-wp0zzz96zns404589-nm9XQOn/,2024-04-24,22:57:34,2024-04-24 23:00:52,https://collectingcars.com/for-sale/1992-porsche-911-964-carrera-2-1
https://www.classic.com/m/porsche/911/964/carrera-2/coupe-automatic?page=1,1,1991 Porsche 911 Carrera 2 Coupe,https://www.classic.com/veh/1991-porsche-911-carrera-2-coupe-wp0ab2962ms411606-p6VQVVp/,2024-04-24,22:57:34,2024-04-24 23:01:02,https://bringatrailer.com/listing/1991-porsche-911-carrera-48/
https://www.classic.com/m/porsche/911/964/carrera-2/coupe-automatic?page=1,1,1991 Porsche 911 (964) Carrera Tiptronic,https://www.classic.com/veh/1991-porsche-911-964-carrera-tiptronic-wp0zzz96zms-WYL06kn/,2024-04-24,22:57:34,2024-04-24 23:01:11,https://collectingcars.com/for-sale/1991-porsche-911-964-carrera
https://www.classic.com/m/porsche/911/964/carrera-2/coupe-automatic?page=1,1,1991 Porsche 911 Carrera 2 Coupe Tiptronic,https://www.classic.com/veh/1991-porsche-911-carrera-2-coupe-tiptronic-wp0ab29-n8va5jp/,2024-04-24,22:57:34,2024-04-24 23:01:19,https://bringatrailer.com/listing/1991-porsche-911-carrera-2-42/
https://www.classic.com/m/porsche/911/964/carrera-2/coupe-automatic?page=2,2,1991 Porsche 964 Carrera 2 Coupe,https://www.classic.com/veh/1991-porsche-964-carrera-2-coupe-wp0ab2965ms410983-WjNOgwW/,2024-04-24,22:57:44,2024-04-24 23:01:28,https://www.pcarmarket.com/auction/1991-porsche-964-carrera-1/
https://www.classic.com/m/porsche/911/964/carrera-2/coupe-automatic?page=2,2,1991 Porsche 964 Carrera Coupe,https://www.classic.com/veh/1991-porsche-964-carrera-coupe-wp0ab2968ms411173-4o39yB4/,2024-04-24,22:57:44,2024-04-24 23:01:37,https://www.pcarmarket.com/auction/1991-porsche-964-carrera/
https://www.classic.com/m/porsche/911/964/carrera-2/coupe-automatic?page=2,2,1991 Porsche 911 Carrera 2 Coupe,https://www.classic.com/veh/1991-porsche-911-carrera-2-coupe-wp0ab2965ms411227-pG6ex2W/,2024-04-24,22:57:44,2024-04-24 23:01:45,https://bringatrailer.com/listing/1991-porsche-911-carrera-2-31/
https://www.classic.com/m/porsche/911/964/carrera-2/coupe-automatic?page=2,2,1991 Porsche 911 Carrera 2 Coupe,https://www.classic.com/veh/1991-porsche-911-carrera-2-coupe-wp0ab2968ms410539-n1bmA2W/,2024-04-24,22:57:44,2024-04-24 23:01:54,https://bringatrailer.com/listing/1991-porsche-911-carrera-2-28/
https://www.classic.com/m/porsche/911/993/carrera/cabriolet-manual/?page=1,1,1995 Porsche 993 Carrera Cabriolet 6-Speed,https://www.classic.com/veh/1995-porsche-993-carrera-cabriolet-6-speed-wp0ca29-nBwgyNW/,2024-04-24,22:57:52,2024-04-24 23:02:03,https://www.pcarmarket.com/auction/1995-porsche-993-carrera-cabriolet-1/
https://www.classic.com/m/porsche/911/993/carrera/cabriolet-manual/?page=1,1,1998 Porsche 911 Carrera Cabriolet,https://www.classic.com/veh/1998-porsche-911-carrera-cabriolet-wp0ca2994ws3404-n8jNYbp/,2024-04-24,22:57:52,2024-04-24 23:02:12,https://www.broadarrowauctions.com/vehicles/po24_r036/1998-porsche-911-carrera-cabriolet
https://www.classic.com/m/porsche/911/993/carrera/cabriolet-manual/?page=1,1,1998 Porsche 911 Carrera,https://www.classic.com/veh/1998-porsche-911-carrera-wp0ca2996ws340290-4aK1rlW/,2024-04-24,22:57:52,2024-04-24 23:02:21,https://www.vbautosports.net/used-vehicle-1998-porsche-911-carrera-c-714/
https://www.classic.com/m/porsche/911/993/carrera/cabriolet-manual/?page=1,1,1996 Porsche 911 Carrera Convertible,https://www.classic.com/veh/1996-porsche-911-carrera-convertible-wp0ca299xts34-4y5RBy4/,2024-04-24,22:57:52,2024-04-24 23:02:29,https://www.europrestigeimports.com/cars-for-sale?StockNumber=EPC1442
https://www.classic.com/m/porsche/911/993/carrera/cabriolet-manual/?page=1,1,1997 Porsche 911 Carrera,https://www.classic.com/veh/1997-porsche-911-carrera-cabriolet-6-speed-wp0ca29-4aA83O4/,2024-04-24,22:57:52,2024-04-24 23:02:38,https://www.diamondmotorworks.com/1997-porsche-911-carrera-c-4201/
https://www.classic.com/m/porsche/911/993/carrera/cabriolet-manual/?page=1,1,1997 Porsche 911 Carrera Cabriolet,https://www.classic.com/veh/1997-porsche-911-carrera-cabriolet-wp0ca2998vs3415-nmDeqO4/,2024-04-24,22:57:52,2024-04-24 23:02:46,https://www.kickdown.com/en/postings/8ddde089f96c
https://www.classic.com/m/porsche/911/993/carrera/cabriolet-manual/?page=1,1,1998 Porsche 911 Carrera Cabriolet,https://www.classic.com/veh/1998-porsche-911-carrera-cabriolet-wp0ca2992ws3408-4Vvov64/,2024-04-24,22:57:52,2024-04-24 23:02:55,https://www.fusionmotorco.com/vehicles/1197/1998-porsche-911-carrera
https://www.classic.com/m/porsche/911/993/carrera/cabriolet-manual/?page=1,1,1996 Porsche 911 Carrera Cabriolet,https://www.classic.com/veh/1996-porsche-911-carrera-cabriolet-wp0ca2997ts3409-Wk2d6Bn/,2024-04-24,22:57:52,2024-04-24 23:03:03,https://www.issimi.com/vehicles/491
https://www.classic.com/m/porsche/911/993/carrera/cabriolet-manual/?page=1,1,1995 Porsche 911 Carrera 2 Cabriolet 6-Speed,https://www.classic.com/veh/1995-porsche-911-carrera-2-cabriolet-6-speed-wp0ca-nlXAxgn/,2024-04-24,22:57:52,2024-04-24 23:03:11,https://bringatrailer.com/listing/1995-porsche-911-carrera-4-cabriolet-26/
https://www.classic.com/m/porsche/911/993/carrera/cabriolet-manual/?page=1,1,1997 Porsche 911 Carrera Cabriolet 6-Speed,https://www.classic.com/veh/1997-porsche-911-carrera-cabriolet-6-speed-wp0ca29-nlXeXQn/,2024-04-24,22:57:52,2024-04-24 23:03:20,https://bringatrailer.com/listing/1997-porsche-911-carrera-cabriolet-93/
https://www.classic.com/m/porsche/911/993/carrera/cabriolet-manual/?page=1,1,1994 Porsche 911 (993) Carrera 2 Cabriolet,https://www.classic.com/veh/1994-porsche-911-993-carrera-2-cabriolet-wp0zzz99z-45jb6An/,2024-04-24,22:57:52,2024-04-24 23:03:29,https://collectingcars.com/for-sale/1994-porsche-911-993-carrera-2-cabriolet
https://www.classic.com/m/porsche/911/993/carrera/cabriolet-manual/?page=1,1,1997 Porsche 993 Carrera Cabriolet,https://www.classic.com/veh/1997-porsche-993-carrera-cabriolet-wp0ca2992vs3416-4VbYg54/,2024-04-24,22:57:52,2024-04-24 23:03:38,https://www.beverlyhillscarclub.com/1997-porsche-993-carrera-cabriolet-c-16114.htm
https://www.classic.com/m/porsche/911/993/carrera/cabriolet-manual/?page=1,1,1998 Porsche 911 Carrera Cabriolet,https://www.classic.com/veh/1998-porsche-911-carrera-cabriolet-wp0ca2997ws3408-nKyjoXp/,2024-04-24,22:57:52,2024-04-24 23:03:47,https://bringatrailer.com/listing/1998-porsche-911-carrera-cabriolet-18/
https://www.classic.com/m/porsche/911/993/carrera/cabriolet-manual/?page=1,1,1997 Porsche 911 Carrera Cabriolet,https://www.classic.com/veh/1997-porsche-993-carrera-cabriolet-6-speed-wp0ca29-pPEQVE4/,2024-04-24,22:57:52,2024-04-24 23:03:55,https://carsandbids.com/auctions/KPjkWQoQ/1997-porsche-911-carrera-cabriolet
https://www.classic.com/m/porsche/911/993/carrera/cabriolet-manual/?page=1,1,1996 Porsche 911 Carrera Cabriolet 6-Speed,https://www.classic.com/veh/1996-porsche-911-carrera-cabriolet-6-speed-wp0ca29-nmBKyQW/,2024-04-24,22:57:52,2024-04-24 23:04:04,https://bringatrailer.com/listing/1996-porsche-911-carrera-cabriolet-61/
https://www.classic.com/m/porsche/911/993/carrera/cabriolet-manual/?page=1,1,1997 Porsche 911 Carrera Cabriolet,https://www.classic.com/veh/1997-porsche-911-carrera-cabriolet-wp0ca2993vs3407-W9jZqGp/,2024-04-24,22:57:52,2024-04-24 23:04:12,https://www.drivehcc.com/vehicles/49/1997-porsche-911-carrera-cabriolet
https://www.classic.com/m/porsche/911/993/carrera/cabriolet-manual/?page=1,1,1994 Porsche 911 (993) Carrera Cabriolet,https://www.classic.com/veh/1994-porsche-911-993-carrera-cabriolet-wp0ca2999ss-4VbVMl4/,2024-04-24,22:57:52,2024-04-24 23:04:21,https://collectingcars.com/for-sale/1994-porsche-911-993-carrera-cabriolet-13
https://www.classic.com/m/porsche/911/993/carrera/cabriolet-manual/?page=1,1,1995 Porsche 911 Carrera Cabriolet 6-Speed,https://www.classic.com/veh/1995-porsche-911-carrera-cabriolet-6-speed-wp0ca29-pdEazB4/,2024-04-24,22:57:52,2024-04-24 23:04:31,https://bringatrailer.com/listing/1995-porsche-911-carrera-cabriolet-129/
https://www.classic.com/m/porsche/911/993/carrera/cabriolet-manual/?page=1,1,1996 Porsche 911 Carrera Cabriolet 6-Speed,https://www.classic.com/veh/1996-porsche-911-carrera-cabriolet-6-speed-wp0ca29-peV2E74/,2024-04-24,22:57:52,2024-04-24 23:04:40,https://bringatrailer.com/listing/1996-porsche-911-carrera-cabriolet-60/
https://www.classic.com/m/porsche/911/993/carrera/cabriolet-manual/?page=1,1,Single-Family-Owned 1995 Porsche 911 Carrera Cabriolet Six-Speed,https://www.classic.com/veh/single-family-owned-1995-porsche-911-carrera-cabri-peD50wW/,2024-04-24,22:57:52,2024-04-24 23:04:48,https://www.hagerty.com/marketplace/auction/1995-Porsche-911-Carrera/1cv8nG2b8duPjNbMA6bDbN
https://www.classic.com/m/porsche/911/993/carrera/cabriolet-manual/?page=1,1,1996 Porsche 911 Carrera Cabriolet 6-Speed,https://www.classic.com/veh/1996-porsche-911-carrera-cabriolet-6-speed-wp0ca29-nBwb59W/,2024-04-24,22:57:52,2024-04-24 23:05:01,https://bringatrailer.com/listing/1996-porsche-911-carrera-cabriolet-62/
https://www.classic.com/m/porsche/911/993/carrera/cabriolet-manual/?page=1,1,1997 Porsche 911 Type 993 Carrera Cabriolet,https://www.classic.com/veh/1997-porsche-911-carrera-cabriolet-wp0ca2994vs3412-WLBzqz4/,2024-04-24,22:57:52,2024-04-24 23:05:09,https://www.bonhams.com/auctions/29261/lot/73/
https://www.classic.com/m/porsche/911/993/carrera/cabriolet-manual/?page=1,1,1997 Porsche 911 (993) Carrera 2 Cabriolet,https://www.classic.com/veh/1997-porsche-911-993-carrera-2-cabriolet-wp0zzz99z-Wk5BDB4/,2024-04-24,22:57:52,2024-04-24 23:05:18,https://carsonline.bonhams.com/en/listings/bf6725f5-7619-4189-aaeb-bf04a9be7379
https://www.classic.com/m/porsche/911/993/carrera/cabriolet-manual/?page=1,1,1995 Porsche 911 Carrera Cabriolet 6-Speed,https://www.classic.com/veh/1995-porsche-911-carrera-cabriolet-6-speed-wp0ca29-nKy60Qp/,2024-04-24,22:57:52,2024-04-24 23:05:27,https://bringatrailer.com/listing/1995-porsche-911-carrera-cabriolet-121/
